exam_year_roc,paper_code,paper_title,subject_primary,subsubject_primary,question_type,question_count,first_question,last_question,total_points
105,1301,綜合法學(一)（刑法、刑事訴訟法、法律倫理）,刑事訴訟法,未分類,multiple_choice,4,67,70,12.0
105,1301,綜合法學(一)（刑法、刑事訴訟法、法律倫理）,刑事訴訟法,未分類,single_choice,19,27,45,38.0
105,1301,綜合法學(一)（刑法、刑事訴訟法、法律倫理）,刑法,未分類,multiple_choice,6,61,66,18.0
105,1301,綜合法學(一)（刑法、刑事訴訟法、法律倫理）,刑法,未分類,single_choice,26,1,26,52.0
105,1301,綜合法學(一)（刑法、刑事訴訟法、法律倫理）,法律倫理,未分類,single_choice,15,46,60,30.0
105,2301,綜合法學(一)（憲法、行政法、國際公法、國際私法）,國際公法,未分類,single_choice,10,41,50,20.0
105,2301,綜合法學(一)（憲法、行政法、國際公法、國際私法）,國際私法,未分類,single_choice,10,51,60,20.0
105,2301,綜合法學(一)（憲法、行政法、國際公法、國際私法）,憲法,未分類,multiple_choice,4,61,64,12.0
105,2301,綜合法學(一)（憲法、行政法、國際公法、國際私法）,憲法,未分類,single_choice,14,1,14,28.0
105,2301,綜合法學(一)（憲法、行政法、國際公法、國際私法）,行政法,未分類,multiple_choice,6,65,70,18.0
105,2301,綜合法學(一)（憲法、行政法、國際公法、國際私法）,行政法,未分類,single_choice,26,15,40,52.0
105,3301,綜合法學(二)（民法、民事訴訟法）,民事訴訟法,未分類,multiple_choice,4,71,74,12.0
105,3301,綜合法學(二)（民法、民事訴訟法）,民事訴訟法,未分類,single_choice,24,39,62,48.0
105,3301,綜合法學(二)（民法、民事訴訟法）,民法,親屬繼承,multiple_choice,3,68,70,9.0
105,3301,綜合法學(二)（民法、民事訴訟法）,民法,親屬繼承,single_choice,6,33,38,12.0
105,3301,綜合法學(二)（民法、民事訴訟法）,民法,財產法,multiple_choice,5,63,67,15.0
105,3301,綜合法學(二)（民法、民事訴訟法）,民法,財產法,single_choice,32,1,32,64.0
105,4301,綜合法學(二)（公司法、保險法、票據法、證券交易法、強制執行法、法學英文）,保險法,未分類,single_choice,10,16,25,20.0
105,4301,綜合法學(二)（公司法、保險法、票據法、證券交易法、強制執行法、法學英文）,公司法,未分類,single_choice,15,1,15,30.0
105,4301,綜合法學(二)（公司法、保險法、票據法、證券交易法、強制執行法、法學英文）,強制執行法,未分類,single_choice,10,46,55,20.0
105,4301,綜合法學(二)（公司法、保險法、票據法、證券交易法、強制執行法、法學英文）,法學英文,未分類,single_choice,15,56,70,30.0
105,4301,綜合法學(二)（公司法、保險法、票據法、證券交易法、強制執行法、法學英文）,票據法,未分類,single_choice,10,26,35,20.0
105,4301,綜合法學(二)（公司法、保險法、票據法、證券交易法、強制執行法、法學英文）,證券交易法,未分類,single_choice,10,36,45,20.0
106,1301,綜合法學(一)（刑法、刑事訴訟法、法律倫理）,刑事訴訟法,未分類,multiple_choice,4,67,70,12.0
106,1301,綜合法學(一)（刑法、刑事訴訟法、法律倫理）,刑事訴訟法,未分類,single_choice,19,27,45,38.0
106,1301,綜合法學(一)（刑法、刑事訴訟法、法律倫理）,刑法,未分類,multiple_choice,6,61,66,18.0
106,1301,綜合法學(一)（刑法、刑事訴訟法、法律倫理）,刑法,未分類,single_choice,26,1,26,52.0
106,1301,綜合法學(一)（刑法、刑事訴訟法、法律倫理）,法律倫理,未分類,single_choice,15,46,60,30.0
106,2301,綜合法學(一)（憲法、行政法、國際公法、國際私法）,國際公法,未分類,single_choice,10,41,50,20.0
106,2301,綜合法學(一)（憲法、行政法、國際公法、國際私法）,國際私法,未分類,single_choice,10,51,60,20.0
106,2301,綜合法學(一)（憲法、行政法、國際公法、國際私法）,憲法,未分類,multiple_choice,4,61,64,12.0
106,2301,綜合法學(一)（憲法、行政法、國際公法、國際私法）,憲法,未分類,single_choice,14,1,14,28.0
106,2301,綜合法學(一)（憲法、行政法、國際公法、國際私法）,行政法,未分類,multiple_choice,6,65,70,18.0
106,2301,綜合法學(一)（憲法、行政法、國際公法、國際私法）,行政法,未分類,single_choice,26,15,40,52.0
106,3301,綜合法學(二)（民法、民事訴訟法）,民事訴訟法,未分類,multiple_choice,4,71,74,12.0
106,3301,綜合法學(二)（民法、民事訴訟法）,民事訴訟法,未分類,single_choice,24,39,62,48.0
106,3301,綜合法學(二)（民法、民事訴訟法）,民法,親屬繼承,multiple_choice,2,69,70,6.0
106,3301,綜合法學(二)（民法、民事訴訟法）,民法,親屬繼承,single_choice,10,29,38,20.0
106,3301,綜合法學(二)（民法、民事訴訟法）,民法,財產法,multiple_choice,6,63,68,18.0
106,3301,綜合法學(二)（民法、民事訴訟法）,民法,財產法,single_choice,28,1,28,56.0
106,4301,綜合法學(二)（公司法、保險法、票據法、證券交易法、強制執行法、法學英文）,保險法,未分類,single_choice,10,16,25,20.0
106,4301,綜合法學(二)（公司法、保險法、票據法、證券交易法、強制執行法、法學英文）,公司法,未分類,single_choice,15,1,15,30.0
106,4301,綜合法學(二)（公司法、保險法、票據法、證券交易法、強制執行法、法學英文）,強制執行法,未分類,single_choice,10,46,55,20.0
106,4301,綜合法學(二)（公司法、保險法、票據法、證券交易法、強制執行法、法學英文）,法學英文,未分類,single_choice,15,56,70,30.0
106,4301,綜合法學(二)（公司法、保險法、票據法、證券交易法、強制執行法、法學英文）,票據法,未分類,single_choice,10,26,35,20.0
106,4301,綜合法學(二)（公司法、保險法、票據法、證券交易法、強制執行法、法學英文）,證券交易法,未分類,single_choice,10,36,45,20.0
107,1301,綜合法學(一)（刑法、刑事訴訟法、法律倫理）,刑事訴訟法,未分類,single_choice,25,36,60,50.0
107,1301,綜合法學(一)（刑法、刑事訴訟法、法律倫理）,刑法,未分類,single_choice,35,1,35,70.0
107,1301,綜合法學(一)（刑法、刑事訴訟法、法律倫理）,法律倫理,未分類,single_choice,15,61,75,30.0
107,2301,綜合法學(一)（憲法、行政法、國際公法、國際私法）,國際公法,未分類,single_choice,10,56,65,20.0
107,2301,綜合法學(一)（憲法、行政法、國際公法、國際私法）,國際私法,未分類,single_choice,10,66,75,20.0
107,2301,綜合法學(一)（憲法、行政法、國際公法、國際私法）,憲法,未分類,single_choice,20,1,20,40.0
107,2301,綜合法學(一)（憲法、行政法、國際公法、國際私法）,行政法,未分類,single_choice,35,21,55,70.0
107,3301,綜合法學(二)（民法、民事訴訟法）,民事訴訟法,未分類,single_choice,30,51,80,60.0
107,3301,綜合法學(二)（民法、民事訴訟法）,民法,親屬繼承,single_choice,15,36,50,30.0
107,3301,綜合法學(二)（民法、民事訴訟法）,民法,財產法,single_choice,35,1,35,70.0
107,4301,綜合法學(二)（公司法、保險法、票據法、證券交易法、強制執行法、法學英文）,保險法,未分類,single_choice,10,16,25,20.0
107,4301,綜合法學(二)（公司法、保險法、票據法、證券交易法、強制執行法、法學英文）,公司法,未分類,single_choice,15,1,15,30.0
107,4301,綜合法學(二)（公司法、保險法、票據法、證券交易法、強制執行法、法學英文）,強制執行法,未分類,single_choice,10,46,55,20.0
107,4301,綜合法學(二)（公司法、保險法、票據法、證券交易法、強制執行法、法學英文）,法學英文,未分類,single_choice,15,56,70,30.0
107,4301,綜合法學(二)（公司法、保險法、票據法、證券交易法、強制執行法、法學英文）,票據法,未分類,single_choice,10,26,35,20.0
107,4301,綜合法學(二)（公司法、保險法、票據法、證券交易法、強制執行法、法學英文）,證券交易法,未分類,single_choice,10,36,45,20.0
108,1301,綜合法學(一)（刑法、刑事訴訟法、法律倫理）,刑事訴訟法,未分類,single_choice,25,36,60,50.0
108,1301,綜合法學(一)（刑法、刑事訴訟法、法律倫理）,刑法,未分類,single_choice,35,1,35,70.0
108,1301,綜合法學(一)（刑法、刑事訴訟法、法律倫理）,法律倫理,未分類,single_choice,15,61,75,30.0
108,2301,綜合法學(一)（憲法、行政法、國際公法、國際私法）,國際公法,未分類,single_choice,10,56,65,20.0
108,2301,綜合法學(一)（憲法、行政法、國際公法、國際私法）,國際私法,未分類,single_choice,10,66,75,20.0
108,2301,綜合法學(一)（憲法、行政法、國際公法、國際私法）,憲法,未分類,single_choice,20,1,20,40.0
108,2301,綜合法學(一)（憲法、行政法、國際公法、國際私法）,行政法,未分類,single_choice,35,21,55,70.0
108,3301,綜合法學(二)（民法、民事訴訟法）,民事訴訟法,未分類,single_choice,30,51,80,60.0
108,3301,綜合法學(二)（民法、民事訴訟法）,民法,親屬繼承,single_choice,15,36,50,30.0
108,3301,綜合法學(二)（民法、民事訴訟法）,民法,財產法,single_choice,35,1,35,70.0
108,4301,綜合法學(二)（公司法、保險法、票據法、證券交易法、強制執行法、法學英文）,保險法,未分類,single_choice,10,16,25,20.0
108,4301,綜合法學(二)（公司法、保險法、票據法、證券交易法、強制執行法、法學英文）,公司法,未分類,single_choice,15,1,15,30.0
108,4301,綜合法學(二)（公司法、保險法、票據法、證券交易法、強制執行法、法學英文）,強制執行法,未分類,single_choice,10,46,55,20.0
108,4301,綜合法學(二)（公司法、保險法、票據法、證券交易法、強制執行法、法學英文）,法學英文,未分類,single_choice,15,56,70,30.0
108,4301,綜合法學(二)（公司法、保險法、票據法、證券交易法、強制執行法、法學英文）,票據法,未分類,single_choice,10,26,35,20.0
108,4301,綜合法學(二)（公司法、保險法、票據法、證券交易法、強制執行法、法學英文）,證券交易法,未分類,single_choice,10,36,45,20.0
109,1301,綜合法學(一)（刑法、刑事訴訟法、法律倫理）,刑事訴訟法,未分類,single_choice,25,36,60,50.0
109,1301,綜合法學(一)（刑法、刑事訴訟法、法律倫理）,刑法,未分類,single_choice,35,1,35,70.0
109,1301,綜合法學(一)（刑法、刑事訴訟法、法律倫理）,法律倫理,未分類,single_choice,15,61,75,30.0
109,2301,綜合法學(一)（憲法、行政法、國際公法、國際私法）,國際公法,未分類,single_choice,10,56,65,20.0
109,2301,綜合法學(一)（憲法、行政法、國際公法、國際私法）,國際私法,未分類,single_choice,10,66,75,20.0
109,2301,綜合法學(一)（憲法、行政法、國際公法、國際私法）,憲法,未分類,single_choice,20,1,20,40.0
109,2301,綜合法學(一)（憲法、行政法、國際公法、國際私法）,行政法,未分類,single_choice,35,21,55,70.0
109,3301,綜合法學(二)（民法、民事訴訟法）,民事訴訟法,未分類,single_choice,30,51,80,60.0
109,3301,綜合法學(二)（民法、民事訴訟法）,民法,親屬繼承,single_choice,15,36,50,30.0
109,3301,綜合法學(二)（民法、民事訴訟法）,民法,財產法,single_choice,35,1,35,70.0
109,4301,綜合法學(二)（公司法、保險法、票據法、證券交易法、強制執行法、法學英文）,保險法,未分類,single_choice,10,16,25,20.0
109,4301,綜合法學(二)（公司法、保險法、票據法、證券交易法、強制執行法、法學英文）,公司法,未分類,single_choice,15,1,15,30.0
109,4301,綜合法學(二)（公司法、保險法、票據法、證券交易法、強制執行法、法學英文）,強制執行法,未分類,single_choice,10,46,55,20.0
109,4301,綜合法學(二)（公司法、保險法、票據法、證券交易法、強制執行法、法學英文）,法學英文,未分類,single_choice,15,56,70,30.0
109,4301,綜合法學(二)（公司法、保險法、票據法、證券交易法、強制執行法、法學英文）,票據法,未分類,single_choice,10,26,35,20.0
109,4301,綜合法學(二)（公司法、保險法、票據法、證券交易法、強制執行法、法學英文）,證券交易法,未分類,single_choice,10,36,45,20.0
110,1301,綜合法學(一)（刑法、刑事訴訟法、法律倫理）,刑事訴訟法,未分類,single_choice,25,36,60,50.0
110,1301,綜合法學(一)（刑法、刑事訴訟法、法律倫理）,刑法,未分類,single_choice,35,1,35,70.0
110,1301,綜合法學(一)（刑法、刑事訴訟法、法律倫理）,法律倫理,未分類,single_choice,15,61,75,30.0
110,2301,綜合法學(一)（憲法、行政法、國際公法、國際私法）,國際公法,未分類,single_choice,10,56,65,20.0
110,2301,綜合法學(一)（憲法、行政法、國際公法、國際私法）,國際私法,未分類,single_choice,10,66,75,20.0
110,2301,綜合法學(一)（憲法、行政法、國際公法、國際私法）,憲法,未分類,single_choice,20,1,20,40.0
110,2301,綜合法學(一)（憲法、行政法、國際公法、國際私法）,行政法,未分類,single_choice,35,21,55,70.0
110,3301,綜合法學(二)（民法、民事訴訟法）,民事訴訟法,未分類,single_choice,30,51,80,60.0
110,3301,綜合法學(二)（民法、民事訴訟法）,民法,親屬繼承,single_choice,15,36,50,30.0
110,3301,綜合法學(二)（民法、民事訴訟法）,民法,財產法,single_choice,35,1,35,70.0
110,4301,綜合法學(二)（公司法、保險法、票據法、證券交易法、強制執行法、法學英文）,保險法,未分類,single_choice,10,16,25,20.0
110,4301,綜合法學(二)（公司法、保險法、票據法、證券交易法、強制執行法、法學英文）,公司法,未分類,single_choice,15,1,15,30.0
110,4301,綜合法學(二)（公司法、保險法、票據法、證券交易法、強制執行法、法學英文）,強制執行法,未分類,single_choice,10,46,55,20.0
110,4301,綜合法學(二)（公司法、保險法、票據法、證券交易法、強制執行法、法學英文）,法學英文,未分類,single_choice,15,56,70,30.0
110,4301,綜合法學(二)（公司法、保險法、票據法、證券交易法、強制執行法、法學英文）,票據法,未分類,single_choice,10,26,35,20.0
110,4301,綜合法學(二)（公司法、保險法、票據法、證券交易法、強制執行法、法學英文）,證券交易法,未分類,single_choice,10,36,45,20.0
111,1301,綜合法學(一)（刑法、刑事訴訟法、法律倫理）,刑事訴訟法,未分類,single_choice,25,36,60,50.0
111,1301,綜合法學(一)（刑法、刑事訴訟法、法律倫理）,刑法,未分類,single_choice,35,1,35,70.0
111,1301,綜合法學(一)（刑法、刑事訴訟法、法律倫理）,法律倫理,未分類,single_choice,15,61,75,30.0
111,2301,綜合法學(一)（憲法、行政法、國際公法、國際私法）,國際公法,未分類,single_choice,10,56,65,20.0
111,2301,綜合法學(一)（憲法、行政法、國際公法、國際私法）,國際私法,未分類,single_choice,10,66,75,20.0
111,2301,綜合法學(一)（憲法、行政法、國際公法、國際私法）,憲法,未分類,single_choice,20,1,20,40.0
111,2301,綜合法學(一)（憲法、行政法、國際公法、國際私法）,行政法,未分類,single_choice,35,21,55,70.0
111,3301,綜合法學(二)（民法、民事訴訟法）,民事訴訟法,未分類,single_choice,30,51,80,60.0
111,3301,綜合法學(二)（民法、民事訴訟法）,民法,親屬繼承,single_choice,16,9,50,32.0
111,3301,綜合法學(二)（民法、民事訴訟法）,民法,財產法,single_choice,34,1,36,68.0
111,4301,綜合法學(二)（公司法、保險法、票據法、證券交易法、強制執行法、法學英文）,保險法,未分類,single_choice,10,16,25,20.0
111,4301,綜合法學(二)（公司法、保險法、票據法、證券交易法、強制執行法、法學英文）,公司法,未分類,single_choice,15,1,15,30.0
111,4301,綜合法學(二)（公司法、保險法、票據法、證券交易法、強制執行法、法學英文）,強制執行法,未分類,single_choice,10,46,55,20.0
111,4301,綜合法學(二)（公司法、保險法、票據法、證券交易法、強制執行法、法學英文）,法學英文,未分類,single_choice,15,56,70,30.0
111,4301,綜合法學(二)（公司法、保險法、票據法、證券交易法、強制執行法、法學英文）,票據法,未分類,single_choice,10,26,35,20.0
111,4301,綜合法學(二)（公司法、保險法、票據法、證券交易法、強制執行法、法學英文）,證券交易法,未分類,single_choice,10,36,45,20.0
112,1301,綜合法學(一)（刑法、刑事訴訟法、法律倫理）,刑事訴訟法,未分類,single_choice,25,36,60,50.0
112,1301,綜合法學(一)（刑法、刑事訴訟法、法律倫理）,刑法,未分類,single_choice,35,1,35,70.0
112,1301,綜合法學(一)（刑法、刑事訴訟法、法律倫理）,法律倫理,未分類,single_choice,15,61,75,30.0
112,2301,綜合法學(一)（憲法、行政法、國際公法、國際私法）,國際公法,未分類,single_choice,10,56,65,20.0
112,2301,綜合法學(一)（憲法、行政法、國際公法、國際私法）,國際私法,未分類,single_choice,10,66,75,20.0
112,2301,綜合法學(一)（憲法、行政法、國際公法、國際私法）,憲法,未分類,single_choice,20,1,20,40.0
112,2301,綜合法學(一)（憲法、行政法、國際公法、國際私法）,行政法,未分類,single_choice,35,21,55,70.0
112,3301,綜合法學(二)（民法、民事訴訟法）,民事訴訟法,未分類,single_choice,30,51,80,60.0
112,3301,綜合法學(二)（民法、民事訴訟法）,民法,親屬繼承,single_choice,15,36,50,30.0
112,3301,綜合法學(二)（民法、民事訴訟法）,民法,財產法,single_choice,35,1,35,70.0
112,4301,綜合法學(二)（公司法、保險法、票據法、證券交易法、強制執行法、法學英文）,保險法,未分類,single_choice,10,16,25,20.0
112,4301,綜合法學(二)（公司法、保險法、票據法、證券交易法、強制執行法、法學英文）,公司法,未分類,single_choice,15,1,15,30.0
112,4301,綜合法學(二)（公司法、保險法、票據法、證券交易法、強制執行法、法學英文）,強制執行法,未分類,single_choice,10,46,55,20.0
112,4301,綜合法學(二)（公司法、保險法、票據法、證券交易法、強制執行法、法學英文）,法學英文,未分類,single_choice,15,56,70,30.0
112,4301,綜合法學(二)（公司法、保險法、票據法、證券交易法、強制執行法、法學英文）,票據法,未分類,single_choice,10,26,35,20.0
112,4301,綜合法學(二)（公司法、保險法、票據法、證券交易法、強制執行法、法學英文）,證券交易法,未分類,single_choice,10,36,45,20.0
113,1301,綜合法學(一)（刑法、刑事訴訟法、法律倫理）,刑事訴訟法,未分類,single_choice,25,36,60,50.0
113,1301,綜合法學(一)（刑法、刑事訴訟法、法律倫理）,刑法,未分類,single_choice,35,1,35,70.0
113,1301,綜合法學(一)（刑法、刑事訴訟法、法律倫理）,法律倫理,未分類,single_choice,15,61,75,30.0
113,2301,綜合法學(一)（憲法、行政法、國際公法、國際私法）,國際公法,未分類,single_choice,10,56,65,20.0
113,2301,綜合法學(一)（憲法、行政法、國際公法、國際私法）,國際私法,未分類,single_choice,10,66,75,20.0
113,2301,綜合法學(一)（憲法、行政法、國際公法、國際私法）,憲法,未分類,single_choice,20,1,20,40.0
113,2301,綜合法學(一)（憲法、行政法、國際公法、國際私法）,行政法,未分類,single_choice,35,21,55,70.0
113,3301,綜合法學(二)（民法、民事訴訟法）,民事訴訟法,未分類,single_choice,30,51,80,60.0
113,3301,綜合法學(二)（民法、民事訴訟法）,民法,親屬繼承,single_choice,15,36,50,30.0
113,3301,綜合法學(二)（民法、民事訴訟法）,民法,財產法,single_choice,35,1,35,70.0
113,4301,綜合法學(二)（公司法、保險法、票據法、證券交易法、強制執行法、法學英文）,保險法,未分類,single_choice,10,16,25,20.0
113,4301,綜合法學(二)（公司法、保險法、票據法、證券交易法、強制執行法、法學英文）,公司法,未分類,single_choice,15,1,15,30.0
113,4301,綜合法學(二)（公司法、保險法、票據法、證券交易法、強制執行法、法學英文）,強制執行法,未分類,single_choice,10,46,55,20.0
113,4301,綜合法學(二)（公司法、保險法、票據法、證券交易法、強制執行法、法學英文）,法學英文,未分類,single_choice,15,56,70,30.0
113,4301,綜合法學(二)（公司法、保險法、票據法、證券交易法、強制執行法、法學英文）,票據法,未分類,single_choice,10,26,35,20.0
113,4301,綜合法學(二)（公司法、保險法、票據法、證券交易法、強制執行法、法學英文）,證券交易法,未分類,single_choice,10,36,45,20.0
114,1301,綜合法學(一)（刑法、刑事訴訟法、法律倫理）,刑事訴訟法,未分類,single_choice,25,36,60,50.0
114,1301,綜合法學(一)（刑法、刑事訴訟法、法律倫理）,刑法,未分類,single_choice,35,1,35,70.0
114,1301,綜合法學(一)（刑法、刑事訴訟法、法律倫理）,法律倫理,未分類,single_choice,15,61,75,30.0
114,2301,綜合法學(一)（憲法、行政法、國際公法、國際私法）,國際公法,未分類,single_choice,10,56,65,20.0
114,2301,綜合法學(一)（憲法、行政法、國際公法、國際私法）,國際私法,未分類,single_choice,10,66,75,20.0
114,2301,綜合法學(一)（憲法、行政法、國際公法、國際私法）,憲法,未分類,single_choice,20,1,20,40.0
114,2301,綜合法學(一)（憲法、行政法、國際公法、國際私法）,行政法,未分類,single_choice,35,21,55,70.0
114,3301,綜合法學(二)（民法、民事訴訟法）,民事訴訟法,未分類,single_choice,30,51,80,60.0
114,3301,綜合法學(二)（民法、民事訴訟法）,民法,親屬繼承,single_choice,15,36,50,30.0
114,3301,綜合法學(二)（民法、民事訴訟法）,民法,財產法,single_choice,35,1,35,70.0
114,4301,綜合法學(二)（公司法、保險法、票據法、證券交易法、強制執行法、法學英文）,保險法,未分類,single_choice,10,16,25,20.0
114,4301,綜合法學(二)（公司法、保險法、票據法、證券交易法、強制執行法、法學英文）,公司法,未分類,single_choice,15,1,15,30.0
114,4301,綜合法學(二)（公司法、保險法、票據法、證券交易法、強制執行法、法學英文）,強制執行法,未分類,single_choice,10,46,55,20.0
114,4301,綜合法學(二)（公司法、保險法、票據法、證券交易法、強制執行法、法學英文）,法學英文,未分類,single_choice,15,56,70,30.0
114,4301,綜合法學(二)（公司法、保險法、票據法、證券交易法、強制執行法、法學英文）,票據法,未分類,single_choice,10,26,35,20.0
114,4301,綜合法學(二)（公司法、保險法、票據法、證券交易法、強制執行法、法學英文）,證券交易法,未分類,single_choice,10,36,45,20.0
